{"minzoom":0,"maxzoom":8,"center":[139.921875,36.02928,8.0],"bounds":[122.933493,20.42274,153.986866,45.557331]}