{"minzoom":0,"maxzoom":9,"center":[139.570313,35.746001,9.0],"bounds":[122.933493,20.42274,153.986866,45.557331]}